date,sex,vaccination_status,entries,sumTotal,pop,inz_entries,inzsumTotal,geoRegion,type,type_variant,vaccine,data_completeness,version
202104,female,fully_vaccinated,1,1,8799,11.36,NA,CHFL,COVID19Cases,vaccine,all,limited,2021-10-11_08-00-56
202104,female,partially_vaccinated,5,5,157521,3.17,NA,CHFL,COVID19Cases,vaccine,all,limited,2021-10-11_08-00-56
202104,female,not_vaccinated,57,57,4190382,1.36,NA,CHFL,COVID19Cases,vaccine,all,limited,2021-10-11_08-00-56
202104,female,unknown,3786,3786,NA,NA,NA,CHFL,COVID19Cases,vaccine,all,limited,2021-10-11_08-00-56
202104,male,fully_vaccinated,0,0,6548,0,NA,CHFL,COVID19Cases,vaccine,all,limited,2021-10-11_08-00-56
202104,male,partially_vaccinated,3,3,120114,2.5,NA,CHFL,COVID19Cases,vaccine,all,limited,2021-10-11_08-00-56
202104,male,not_vaccinated,50,50,4161416,1.2,NA,CHFL,COVID19Cases,vaccine,all,limited,2021-10-11_08-00-56
202104,male,unknown,3296,3296,NA,NA,NA,CHFL,COVID19Cases,vaccine,all,limited,2021-10-11_08-00-56
202104,unknown,fully_vaccinated,0,0,0,NA,NA,CHFL,COVID19Cases,vaccine,all,limited,2021-10-11_08-00-56
202104,unknown,partially_vaccinated,0,0,33,0,NA,CHFL,COVID19Cases,vaccine,all,limited,2021-10-11_08-00-56
202104,unknown,not_vaccinated,0,0,NA,NA,NA,CHFL,COVID19Cases,vaccine,all,limited,2021-10-11_08-00-56
202104,unknown,unknown,0,0,NA,NA,NA,CHFL,COVID19Cases,vaccine,all,limited,2021-10-11_08-00-56
202105,female,fully_vaccinated,1,2,28199,3.55,NA,CHFL,COVID19Cases,vaccine,all,limited,2021-10-11_08-00-56
202105,female,partially_vaccinated,20,25,175893,11.37,NA,CHFL,COVID19Cases,vaccine,all,limited,2021-10-11_08-00-56
202105,female,not_vaccinated,83,140,4152610,2,NA,CHFL,COVID19Cases,vaccine,all,limited,2021-10-11_08-00-56
202105,female,unknown,5148,8934,NA,NA,NA,CHFL,COVID19Cases,vaccine,all,limited,2021-10-11_08-00-56
202105,male,fully_vaccinated,2,2,18628,10.74,NA,CHFL,COVID19Cases,vaccine,all,limited,2021-10-11_08-00-56
202105,male,partially_vaccinated,9,12,138712,6.49,NA,CHFL,COVID19Cases,vaccine,all,limited,2021-10-11_08-00-56
202105,male,not_vaccinated,87,137,4130738,2.11,NA,CHFL,COVID19Cases,vaccine,all,limited,2021-10-11_08-00-56
202105,male,unknown,4735,8031,NA,NA,NA,CHFL,COVID19Cases,vaccine,all,limited,2021-10-11_08-00-56
202105,unknown,fully_vaccinated,0,0,0,NA,NA,CHFL,COVID19Cases,vaccine,all,limited,2021-10-11_08-00-56
202105,unknown,partially_vaccinated,0,0,41,0,NA,CHFL,COVID19Cases,vaccine,all,limited,2021-10-11_08-00-56
202105,unknown,not_vaccinated,0,0,NA,NA,NA,CHFL,COVID19Cases,vaccine,all,limited,2021-10-11_08-00-56
202105,unknown,unknown,1,1,NA,NA,NA,CHFL,COVID19Cases,vaccine,all,limited,2021-10-11_08-00-56
202106,female,fully_vaccinated,2,4,60986,3.28,NA,CHFL,COVID19Cases,vaccine,all,limited,2021-10-11_08-00-56
202106,female,partially_vaccinated,19,44,188643,10.07,NA,CHFL,COVID19Cases,vaccine,all,limited,2021-10-11_08-00-56
202106,female,not_vaccinated,69,209,4107073,1.68,NA,CHFL,COVID19Cases,vaccine,all,limited,2021-10-11_08-00-56
202106,female,unknown,3924,12858,NA,NA,NA,CHFL,COVID19Cases,vaccine,all,limited,2021-10-11_08-00-56
202106,male,fully_vaccinated,0,2,42146,0,NA,CHFL,COVID19Cases,vaccine,all,limited,2021-10-11_08-00-56
202106,male,partially_vaccinated,12,24,147270,8.15,NA,CHFL,COVID19Cases,vaccine,all,limited,2021-10-11_08-00-56
202106,male,not_vaccinated,88,225,4098662,2.15,NA,CHFL,COVID19Cases,vaccine,all,limited,2021-10-11_08-00-56
202106,male,unknown,3759,11790,NA,NA,NA,CHFL,COVID19Cases,vaccine,all,limited,2021-10-11_08-00-56
202106,unknown,fully_vaccinated,0,0,4,0,NA,CHFL,COVID19Cases,vaccine,all,limited,2021-10-11_08-00-56
202106,unknown,partially_vaccinated,0,0,54,0,NA,CHFL,COVID19Cases,vaccine,all,limited,2021-10-11_08-00-56
202106,unknown,not_vaccinated,0,0,NA,NA,NA,CHFL,COVID19Cases,vaccine,all,limited,2021-10-11_08-00-56
202106,unknown,unknown,4,5,NA,NA,NA,CHFL,COVID19Cases,vaccine,all,limited,2021-10-11_08-00-56
202107,female,fully_vaccinated,4,8,100361,3.99,NA,CHFL,COVID19Cases,vaccine,all,limited,2021-10-11_08-00-56
202107,female,partially_vaccinated,16,60,183074,8.74,NA,CHFL,COVID19Cases,vaccine,all,limited,2021-10-11_08-00-56
202107,female,not_vaccinated,53,262,4073267,1.3,NA,CHFL,COVID19Cases,vaccine,all,limited,2021-10-11_08-00-56
202107,female,unknown,3534,16392,NA,NA,NA,CHFL,COVID19Cases,vaccine,all,limited,2021-10-11_08-00-56
202107,male,fully_vaccinated,3,5,75022,4,NA,CHFL,COVID19Cases,vaccine,all,limited,2021-10-11_08-00-56
202107,male,partially_vaccinated,9,33,139250,6.46,NA,CHFL,COVID19Cases,vaccine,all,limited,2021-10-11_08-00-56
202107,male,not_vaccinated,78,303,4073806,1.91,NA,CHFL,COVID19Cases,vaccine,all,limited,2021-10-11_08-00-56
202107,male,unknown,3286,15076,NA,NA,NA,CHFL,COVID19Cases,vaccine,all,limited,2021-10-11_08-00-56
202107,unknown,fully_vaccinated,0,0,12,0,NA,CHFL,COVID19Cases,vaccine,all,limited,2021-10-11_08-00-56
202107,unknown,partially_vaccinated,0,0,57,0,NA,CHFL,COVID19Cases,vaccine,all,limited,2021-10-11_08-00-56
202107,unknown,not_vaccinated,0,0,NA,NA,NA,CHFL,COVID19Cases,vaccine,all,limited,2021-10-11_08-00-56
202107,unknown,unknown,1,6,NA,NA,NA,CHFL,COVID19Cases,vaccine,all,limited,2021-10-11_08-00-56
202108,female,fully_vaccinated,9,17,150102,6,NA,CHFL,COVID19Cases,vaccine,all,limited,2021-10-11_08-00-56
202108,female,partially_vaccinated,13,73,161232,8.06,NA,CHFL,COVID19Cases,vaccine,all,limited,2021-10-11_08-00-56
202108,female,not_vaccinated,66,328,4045368,1.63,NA,CHFL,COVID19Cases,vaccine,all,limited,2021-10-11_08-00-56
202108,female,unknown,3504,19896,NA,NA,NA,CHFL,COVID19Cases,vaccine,all,limited,2021-10-11_08-00-56
202108,male,fully_vaccinated,4,9,115199,3.47,NA,CHFL,COVID19Cases,vaccine,all,limited,2021-10-11_08-00-56
202108,male,partially_vaccinated,9,42,119751,7.52,NA,CHFL,COVID19Cases,vaccine,all,limited,2021-10-11_08-00-56
202108,male,not_vaccinated,90,393,4053128,2.22,NA,CHFL,COVID19Cases,vaccine,all,limited,2021-10-11_08-00-56
202108,male,unknown,3544,18620,NA,NA,NA,CHFL,COVID19Cases,vaccine,all,limited,2021-10-11_08-00-56
202108,unknown,fully_vaccinated,0,0,25,0,NA,CHFL,COVID19Cases,vaccine,all,limited,2021-10-11_08-00-56
202108,unknown,partially_vaccinated,0,0,47,0,NA,CHFL,COVID19Cases,vaccine,all,limited,2021-10-11_08-00-56
202108,unknown,not_vaccinated,0,0,NA,NA,NA,CHFL,COVID19Cases,vaccine,all,limited,2021-10-11_08-00-56
202108,unknown,unknown,3,9,NA,NA,NA,CHFL,COVID19Cases,vaccine,all,limited,2021-10-11_08-00-56
202109,female,fully_vaccinated,3,20,193559,1.55,NA,CHFL,COVID19Cases,vaccine,all,limited,2021-10-11_08-00-56
202109,female,partially_vaccinated,14,87,159396,8.78,NA,CHFL,COVID19Cases,vaccine,all,limited,2021-10-11_08-00-56
202109,female,not_vaccinated,66,394,4003747,1.65,NA,CHFL,COVID19Cases,vaccine,all,limited,2021-10-11_08-00-56
202109,female,unknown,3712,23608,NA,NA,NA,CHFL,COVID19Cases,vaccine,all,limited,2021-10-11_08-00-56
202109,male,fully_vaccinated,5,14,148445,3.37,NA,CHFL,COVID19Cases,vaccine,all,limited,2021-10-11_08-00-56
202109,male,partially_vaccinated,6,48,120051,5,NA,CHFL,COVID19Cases,vaccine,all,limited,2021-10-11_08-00-56
202109,male,not_vaccinated,80,473,4019582,1.99,NA,CHFL,COVID19Cases,vaccine,all,limited,2021-10-11_08-00-56
202109,male,unknown,3697,22317,NA,NA,NA,CHFL,COVID19Cases,vaccine,all,limited,2021-10-11_08-00-56
202109,unknown,fully_vaccinated,0,0,37,0,NA,CHFL,COVID19Cases,vaccine,all,limited,2021-10-11_08-00-56
202109,unknown,partially_vaccinated,0,0,41,0,NA,CHFL,COVID19Cases,vaccine,all,limited,2021-10-11_08-00-56
202109,unknown,not_vaccinated,0,0,NA,NA,NA,CHFL,COVID19Cases,vaccine,all,limited,2021-10-11_08-00-56
202109,unknown,unknown,10,19,NA,NA,NA,CHFL,COVID19Cases,vaccine,all,limited,2021-10-11_08-00-56
202110,female,fully_vaccinated,15,35,229220,6.54,NA,CHFL,COVID19Cases,vaccine,all,limited,2021-10-11_08-00-56
202110,female,partially_vaccinated,11,98,174358,6.31,NA,CHFL,COVID19Cases,vaccine,all,limited,2021-10-11_08-00-56
202110,female,not_vaccinated,93,487,3953124,2.35,NA,CHFL,COVID19Cases,vaccine,all,limited,2021-10-11_08-00-56
202110,female,unknown,4359,27967,NA,NA,NA,CHFL,COVID19Cases,vaccine,all,limited,2021-10-11_08-00-56
202110,male,fully_vaccinated,9,23,174999,5.14,NA,CHFL,COVID19Cases,vaccine,all,limited,2021-10-11_08-00-56
202110,male,partially_vaccinated,5,53,132874,3.76,NA,CHFL,COVID19Cases,vaccine,all,limited,2021-10-11_08-00-56
202110,male,not_vaccinated,75,548,3980205,1.88,NA,CHFL,COVID19Cases,vaccine,all,limited,2021-10-11_08-00-56
202110,male,unknown,4234,26551,NA,NA,NA,CHFL,COVID19Cases,vaccine,all,limited,2021-10-11_08-00-56
202110,unknown,fully_vaccinated,0,0,46,0,NA,CHFL,COVID19Cases,vaccine,all,limited,2021-10-11_08-00-56
202110,unknown,partially_vaccinated,0,0,41,0,NA,CHFL,COVID19Cases,vaccine,all,limited,2021-10-11_08-00-56
202110,unknown,not_vaccinated,0,0,NA,NA,NA,CHFL,COVID19Cases,vaccine,all,limited,2021-10-11_08-00-56
202110,unknown,unknown,3,22,NA,NA,NA,CHFL,COVID19Cases,vaccine,all,limited,2021-10-11_08-00-56
202111,female,fully_vaccinated,17,52,273065,6.23,NA,CHFL,COVID19Cases,vaccine,all,limited,2021-10-11_08-00-56
202111,female,partially_vaccinated,2,100,172803,1.16,NA,CHFL,COVID19Cases,vaccine,all,limited,2021-10-11_08-00-56
202111,female,not_vaccinated,90,577,3910834,2.3,NA,CHFL,COVID19Cases,vaccine,all,limited,2021-10-11_08-00-56
202111,female,unknown,5206,33173,NA,NA,NA,CHFL,COVID19Cases,vaccine,all,limited,2021-10-11_08-00-56
202111,male,fully_vaccinated,11,34,204906,5.37,NA,CHFL,COVID19Cases,vaccine,all,limited,2021-10-11_08-00-56
202111,male,partially_vaccinated,19,72,138342,13.73,NA,CHFL,COVID19Cases,vaccine,all,limited,2021-10-11_08-00-56
202111,male,not_vaccinated,113,661,3944830,2.86,NA,CHFL,COVID19Cases,vaccine,all,limited,2021-10-11_08-00-56
202111,male,unknown,5048,31599,NA,NA,NA,CHFL,COVID19Cases,vaccine,all,limited,2021-10-11_08-00-56
202111,unknown,fully_vaccinated,0,0,64,0,NA,CHFL,COVID19Cases,vaccine,all,limited,2021-10-11_08-00-56
202111,unknown,partially_vaccinated,0,0,73,0,NA,CHFL,COVID19Cases,vaccine,all,limited,2021-10-11_08-00-56
202111,unknown,not_vaccinated,0,0,NA,NA,NA,CHFL,COVID19Cases,vaccine,all,limited,2021-10-11_08-00-56
202111,unknown,unknown,3,25,NA,NA,NA,CHFL,COVID19Cases,vaccine,all,limited,2021-10-11_08-00-56
202112,female,fully_vaccinated,14,66,312239,4.48,NA,CHFL,COVID19Cases,vaccine,all,limited,2021-10-11_08-00-56
202112,female,partially_vaccinated,5,105,195125,2.56,NA,CHFL,COVID19Cases,vaccine,all,limited,2021-10-11_08-00-56
202112,female,not_vaccinated,113,690,3849338,2.94,NA,CHFL,COVID19Cases,vaccine,all,limited,2021-10-11_08-00-56
202112,female,unknown,6113,39286,NA,NA,NA,CHFL,COVID19Cases,vaccine,all,limited,2021-10-11_08-00-56
202112,male,fully_vaccinated,13,47,235136,5.53,NA,CHFL,COVID19Cases,vaccine,all,limited,2021-10-11_08-00-56
202112,male,partially_vaccinated,6,78,160262,3.74,NA,CHFL,COVID19Cases,vaccine,all,limited,2021-10-11_08-00-56
202112,male,not_vaccinated,153,814,3892680,3.93,NA,CHFL,COVID19Cases,vaccine,all,limited,2021-10-11_08-00-56
202112,male,unknown,6143,37742,NA,NA,NA,CHFL,COVID19Cases,vaccine,all,limited,2021-10-11_08-00-56
202112,unknown,fully_vaccinated,0,0,69,0,NA,CHFL,COVID19Cases,vaccine,all,limited,2021-10-11_08-00-56
202112,unknown,partially_vaccinated,0,0,83,0,NA,CHFL,COVID19Cases,vaccine,all,limited,2021-10-11_08-00-56
202112,unknown,not_vaccinated,0,0,NA,NA,NA,CHFL,COVID19Cases,vaccine,all,limited,2021-10-11_08-00-56
202112,unknown,unknown,7,32,NA,NA,NA,CHFL,COVID19Cases,vaccine,all,limited,2021-10-11_08-00-56
202113,female,fully_vaccinated,24,90,349099,6.87,NA,CHFL,COVID19Cases,vaccine,all,limited,2021-10-11_08-00-56
202113,female,partially_vaccinated,7,112,217952,3.21,NA,CHFL,COVID19Cases,vaccine,all,limited,2021-10-11_08-00-56
202113,female,not_vaccinated,109,799,3789651,2.88,NA,CHFL,COVID19Cases,vaccine,all,limited,2021-10-11_08-00-56
202113,female,unknown,6081,45367,NA,NA,NA,CHFL,COVID19Cases,vaccine,all,limited,2021-10-11_08-00-56
202113,male,fully_vaccinated,18,65,264864,6.8,NA,CHFL,COVID19Cases,vaccine,all,limited,2021-10-11_08-00-56
202113,male,partially_vaccinated,10,88,180083,5.55,NA,CHFL,COVID19Cases,vaccine,all,limited,2021-10-11_08-00-56
202113,male,not_vaccinated,155,969,3843131,4.03,NA,CHFL,COVID19Cases,vaccine,all,limited,2021-10-11_08-00-56
202113,male,unknown,5914,43656,NA,NA,NA,CHFL,COVID19Cases,vaccine,all,limited,2021-10-11_08-00-56
202113,unknown,fully_vaccinated,0,0,74,0,NA,CHFL,COVID19Cases,vaccine,all,limited,2021-10-11_08-00-56
202113,unknown,partially_vaccinated,0,0,94,0,NA,CHFL,COVID19Cases,vaccine,all,limited,2021-10-11_08-00-56
202113,unknown,not_vaccinated,0,0,NA,NA,NA,CHFL,COVID19Cases,vaccine,all,limited,2021-10-11_08-00-56
202113,unknown,unknown,4,36,NA,NA,NA,CHFL,COVID19Cases,vaccine,all,limited,2021-10-11_08-00-56
202114,female,fully_vaccinated,24,114,397962,6.03,NA,CHFL,COVID19Cases,vaccine,all,limited,2021-10-11_08-00-56
202114,female,partially_vaccinated,16,128,235589,6.79,NA,CHFL,COVID19Cases,vaccine,all,limited,2021-10-11_08-00-56
202114,female,not_vaccinated,119,918,3723151,3.2,NA,CHFL,COVID19Cases,vaccine,all,limited,2021-10-11_08-00-56
202114,female,unknown,6941,52308,NA,NA,NA,CHFL,COVID19Cases,vaccine,all,limited,2021-10-11_08-00-56
202114,male,fully_vaccinated,19,84,303679,6.26,NA,CHFL,COVID19Cases,vaccine,all,limited,2021-10-11_08-00-56
202114,male,partially_vaccinated,13,101,199047,6.53,NA,CHFL,COVID19Cases,vaccine,all,limited,2021-10-11_08-00-56
202114,male,not_vaccinated,135,1104,3785352,3.57,NA,CHFL,COVID19Cases,vaccine,all,limited,2021-10-11_08-00-56
202114,male,unknown,6924,50580,NA,NA,NA,CHFL,COVID19Cases,vaccine,all,limited,2021-10-11_08-00-56
202114,unknown,fully_vaccinated,0,0,83,0,NA,CHFL,COVID19Cases,vaccine,all,limited,2021-10-11_08-00-56
202114,unknown,partially_vaccinated,0,0,114,0,NA,CHFL,COVID19Cases,vaccine,all,limited,2021-10-11_08-00-56
202114,unknown,not_vaccinated,0,0,NA,NA,NA,CHFL,COVID19Cases,vaccine,all,limited,2021-10-11_08-00-56
202114,unknown,unknown,4,40,NA,NA,NA,CHFL,COVID19Cases,vaccine,all,limited,2021-10-11_08-00-56
202115,female,fully_vaccinated,28,142,444501,6.3,NA,CHFL,COVID19Cases,vaccine,all,limited,2021-10-11_08-00-56
202115,female,partially_vaccinated,12,140,302861,3.96,NA,CHFL,COVID19Cases,vaccine,all,limited,2021-10-11_08-00-56
202115,female,not_vaccinated,118,1036,3609340,3.27,NA,CHFL,COVID19Cases,vaccine,all,limited,2021-10-11_08-00-56
202115,female,unknown,6742,59050,NA,NA,NA,CHFL,COVID19Cases,vaccine,all,limited,2021-10-11_08-00-56
202115,male,fully_vaccinated,17,101,342395,4.97,NA,CHFL,COVID19Cases,vaccine,all,limited,2021-10-11_08-00-56
202115,male,partially_vaccinated,14,115,259373,5.4,NA,CHFL,COVID19Cases,vaccine,all,limited,2021-10-11_08-00-56
202115,male,not_vaccinated,165,1269,3686310,4.48,NA,CHFL,COVID19Cases,vaccine,all,limited,2021-10-11_08-00-56
202115,male,unknown,7054,57634,NA,NA,NA,CHFL,COVID19Cases,vaccine,all,limited,2021-10-11_08-00-56
202115,unknown,fully_vaccinated,0,0,130,0,NA,CHFL,COVID19Cases,vaccine,all,limited,2021-10-11_08-00-56
202115,unknown,partially_vaccinated,0,0,111,0,NA,CHFL,COVID19Cases,vaccine,all,limited,2021-10-11_08-00-56
202115,unknown,not_vaccinated,0,0,NA,NA,NA,CHFL,COVID19Cases,vaccine,all,limited,2021-10-11_08-00-56
202115,unknown,unknown,0,40,NA,NA,NA,CHFL,COVID19Cases,vaccine,all,limited,2021-10-11_08-00-56
202116,female,fully_vaccinated,25,167,504131,4.96,NA,CHFL,COVID19Cases,vaccine,all,limited,2021-10-11_08-00-56
202116,female,partially_vaccinated,20,160,381629,5.24,NA,CHFL,COVID19Cases,vaccine,all,limited,2021-10-11_08-00-56
202116,female,not_vaccinated,130,1166,3470942,3.75,NA,CHFL,COVID19Cases,vaccine,all,limited,2021-10-11_08-00-56
202116,female,unknown,6940,65990,NA,NA,NA,CHFL,COVID19Cases,vaccine,all,limited,2021-10-11_08-00-56
202116,male,fully_vaccinated,20,121,393367,5.08,NA,CHFL,COVID19Cases,vaccine,all,limited,2021-10-11_08-00-56
202116,male,partially_vaccinated,23,138,331365,6.94,NA,CHFL,COVID19Cases,vaccine,all,limited,2021-10-11_08-00-56
202116,male,not_vaccinated,166,1435,3563346,4.66,NA,CHFL,COVID19Cases,vaccine,all,limited,2021-10-11_08-00-56
202116,male,unknown,7255,64889,NA,NA,NA,CHFL,COVID19Cases,vaccine,all,limited,2021-10-11_08-00-56
202116,unknown,fully_vaccinated,0,0,144,0,NA,CHFL,COVID19Cases,vaccine,all,limited,2021-10-11_08-00-56
202116,unknown,partially_vaccinated,0,0,157,0,NA,CHFL,COVID19Cases,vaccine,all,limited,2021-10-11_08-00-56
202116,unknown,not_vaccinated,0,0,NA,NA,NA,CHFL,COVID19Cases,vaccine,all,limited,2021-10-11_08-00-56
202116,unknown,unknown,2,42,NA,NA,NA,CHFL,COVID19Cases,vaccine,all,limited,2021-10-11_08-00-56
202117,female,fully_vaccinated,29,196,563126,5.15,NA,CHFL,COVID19Cases,vaccine,all,limited,2021-10-11_08-00-56
202117,female,partially_vaccinated,25,185,473593,5.28,NA,CHFL,COVID19Cases,vaccine,all,limited,2021-10-11_08-00-56
202117,female,not_vaccinated,78,1244,3319983,2.35,NA,CHFL,COVID19Cases,vaccine,all,limited,2021-10-11_08-00-56
202117,female,unknown,5733,71723,NA,NA,NA,CHFL,COVID19Cases,vaccine,all,limited,2021-10-11_08-00-56
202117,male,fully_vaccinated,19,140,442652,4.29,NA,CHFL,COVID19Cases,vaccine,all,limited,2021-10-11_08-00-56
202117,male,partially_vaccinated,24,162,418116,5.74,NA,CHFL,COVID19Cases,vaccine,all,limited,2021-10-11_08-00-56
202117,male,not_vaccinated,114,1549,3427310,3.33,NA,CHFL,COVID19Cases,vaccine,all,limited,2021-10-11_08-00-56
202117,male,unknown,5902,70791,NA,NA,NA,CHFL,COVID19Cases,vaccine,all,limited,2021-10-11_08-00-56
202117,unknown,fully_vaccinated,0,0,158,0,NA,CHFL,COVID19Cases,vaccine,all,limited,2021-10-11_08-00-56
202117,unknown,partially_vaccinated,0,0,208,0,NA,CHFL,COVID19Cases,vaccine,all,limited,2021-10-11_08-00-56
202117,unknown,not_vaccinated,0,0,NA,NA,NA,CHFL,COVID19Cases,vaccine,all,limited,2021-10-11_08-00-56
202117,unknown,unknown,1,43,NA,NA,NA,CHFL,COVID19Cases,vaccine,all,limited,2021-10-11_08-00-56
202118,female,fully_vaccinated,22,218,636652,3.46,NA,CHFL,COVID19Cases,vaccine,all,limited,2021-10-11_08-00-56
202118,female,partially_vaccinated,16,201,570654,2.8,NA,CHFL,COVID19Cases,vaccine,all,limited,2021-10-11_08-00-56
202118,female,not_vaccinated,88,1332,3149396,2.79,NA,CHFL,COVID19Cases,vaccine,all,limited,2021-10-11_08-00-56
202118,female,unknown,5063,76786,NA,NA,NA,CHFL,COVID19Cases,vaccine,all,limited,2021-10-11_08-00-56
202118,male,fully_vaccinated,14,154,506088,2.77,NA,CHFL,COVID19Cases,vaccine,all,limited,2021-10-11_08-00-56
202118,male,partially_vaccinated,23,185,508928,4.52,NA,CHFL,COVID19Cases,vaccine,all,limited,2021-10-11_08-00-56
202118,male,not_vaccinated,88,1637,3273062,2.69,NA,CHFL,COVID19Cases,vaccine,all,limited,2021-10-11_08-00-56
202118,male,unknown,5011,75802,NA,NA,NA,CHFL,COVID19Cases,vaccine,all,limited,2021-10-11_08-00-56
202118,unknown,fully_vaccinated,0,0,186,0,NA,CHFL,COVID19Cases,vaccine,all,limited,2021-10-11_08-00-56
202118,unknown,partially_vaccinated,0,0,279,0,NA,CHFL,COVID19Cases,vaccine,all,limited,2021-10-11_08-00-56
202118,unknown,not_vaccinated,0,0,NA,NA,NA,CHFL,COVID19Cases,vaccine,all,limited,2021-10-11_08-00-56
202118,unknown,unknown,4,47,NA,NA,NA,CHFL,COVID19Cases,vaccine,all,limited,2021-10-11_08-00-56
202119,female,fully_vaccinated,17,235,738342,2.3,NA,CHFL,COVID19Cases,vaccine,all,limited,2021-10-11_08-00-56
202119,female,partially_vaccinated,15,216,612672,2.45,NA,CHFL,COVID19Cases,vaccine,all,limited,2021-10-11_08-00-56
202119,female,not_vaccinated,64,1396,3005688,2.13,NA,CHFL,COVID19Cases,vaccine,all,limited,2021-10-11_08-00-56
202119,female,unknown,3829,80615,NA,NA,NA,CHFL,COVID19Cases,vaccine,all,limited,2021-10-11_08-00-56
202119,male,fully_vaccinated,9,163,595814,1.51,NA,CHFL,COVID19Cases,vaccine,all,limited,2021-10-11_08-00-56
202119,male,partially_vaccinated,11,196,563020,1.95,NA,CHFL,COVID19Cases,vaccine,all,limited,2021-10-11_08-00-56
202119,male,not_vaccinated,64,1701,3129244,2.05,NA,CHFL,COVID19Cases,vaccine,all,limited,2021-10-11_08-00-56
202119,male,unknown,3839,79641,NA,NA,NA,CHFL,COVID19Cases,vaccine,all,limited,2021-10-11_08-00-56
202119,unknown,fully_vaccinated,0,0,222,0,NA,CHFL,COVID19Cases,vaccine,all,limited,2021-10-11_08-00-56
202119,unknown,partially_vaccinated,0,0,315,0,NA,CHFL,COVID19Cases,vaccine,all,limited,2021-10-11_08-00-56
202119,unknown,not_vaccinated,0,0,NA,NA,NA,CHFL,COVID19Cases,vaccine,all,limited,2021-10-11_08-00-56
202119,unknown,unknown,5,52,NA,NA,NA,CHFL,COVID19Cases,vaccine,all,limited,2021-10-11_08-00-56
202120,female,fully_vaccinated,24,259,878335,2.73,NA,CHFL,COVID19Cases,vaccine,all,limited,2021-10-11_08-00-56
202120,female,partially_vaccinated,10,226,631249,1.58,NA,CHFL,COVID19Cases,vaccine,all,limited,2021-10-11_08-00-56
202120,female,not_vaccinated,64,1460,2847118,2.25,NA,CHFL,COVID19Cases,vaccine,all,limited,2021-10-11_08-00-56
202120,female,unknown,3621,84236,NA,NA,NA,CHFL,COVID19Cases,vaccine,all,limited,2021-10-11_08-00-56
202120,male,fully_vaccinated,15,178,721097,2.08,NA,CHFL,COVID19Cases,vaccine,all,limited,2021-10-11_08-00-56
202120,male,partially_vaccinated,13,209,598033,2.17,NA,CHFL,COVID19Cases,vaccine,all,limited,2021-10-11_08-00-56
202120,male,not_vaccinated,61,1762,2968948,2.05,NA,CHFL,COVID19Cases,vaccine,all,limited,2021-10-11_08-00-56
202120,male,unknown,3545,83186,NA,NA,NA,CHFL,COVID19Cases,vaccine,all,limited,2021-10-11_08-00-56
202120,unknown,fully_vaccinated,0,0,277,0,NA,CHFL,COVID19Cases,vaccine,all,limited,2021-10-11_08-00-56
202120,unknown,partially_vaccinated,0,0,332,0,NA,CHFL,COVID19Cases,vaccine,all,limited,2021-10-11_08-00-56
202120,unknown,not_vaccinated,0,0,NA,NA,NA,CHFL,COVID19Cases,vaccine,all,limited,2021-10-11_08-00-56
202120,unknown,unknown,2,54,NA,NA,NA,CHFL,COVID19Cases,vaccine,all,limited,2021-10-11_08-00-56
202121,female,fully_vaccinated,21,280,1022878,2.05,NA,CHFL,COVID19Cases,vaccine,all,limited,2021-10-11_08-00-56
202121,female,partially_vaccinated,11,237,628087,1.75,NA,CHFL,COVID19Cases,vaccine,all,limited,2021-10-11_08-00-56
202121,female,not_vaccinated,34,1494,2705737,1.26,NA,CHFL,COVID19Cases,vaccine,all,limited,2021-10-11_08-00-56
202121,female,unknown,2511,86747,NA,NA,NA,CHFL,COVID19Cases,vaccine,all,limited,2021-10-11_08-00-56
202121,male,fully_vaccinated,13,191,851762,1.53,NA,CHFL,COVID19Cases,vaccine,all,limited,2021-10-11_08-00-56
202121,male,partially_vaccinated,4,213,620297,0.64,NA,CHFL,COVID19Cases,vaccine,all,limited,2021-10-11_08-00-56
202121,male,not_vaccinated,44,1806,2816019,1.56,NA,CHFL,COVID19Cases,vaccine,all,limited,2021-10-11_08-00-56
202121,male,unknown,2478,85664,NA,NA,NA,CHFL,COVID19Cases,vaccine,all,limited,2021-10-11_08-00-56
202121,unknown,fully_vaccinated,1,1,342,292.4,NA,CHFL,COVID19Cases,vaccine,all,limited,2021-10-11_08-00-56
202121,unknown,partially_vaccinated,0,0,362,0,NA,CHFL,COVID19Cases,vaccine,all,limited,2021-10-11_08-00-56
202121,unknown,not_vaccinated,0,0,NA,NA,NA,CHFL,COVID19Cases,vaccine,all,limited,2021-10-11_08-00-56
202121,unknown,unknown,2,56,NA,NA,NA,CHFL,COVID19Cases,vaccine,all,limited,2021-10-11_08-00-56
202122,female,fully_vaccinated,9,289,1187293,0.76,NA,CHFL,COVID19Cases,vaccine,all,limited,2021-10-11_08-00-56
202122,female,partially_vaccinated,4,241,626144,0.64,NA,CHFL,COVID19Cases,vaccine,all,limited,2021-10-11_08-00-56
202122,female,not_vaccinated,26,1520,2543265,1.02,NA,CHFL,COVID19Cases,vaccine,all,limited,2021-10-11_08-00-56
202122,female,unknown,1717,88464,NA,NA,NA,CHFL,COVID19Cases,vaccine,all,limited,2021-10-11_08-00-56
202122,male,fully_vaccinated,15,206,1000483,1.5,NA,CHFL,COVID19Cases,vaccine,all,limited,2021-10-11_08-00-56
202122,male,partially_vaccinated,6,219,648588,0.93,NA,CHFL,COVID19Cases,vaccine,all,limited,2021-10-11_08-00-56
202122,male,not_vaccinated,33,1839,2639007,1.25,NA,CHFL,COVID19Cases,vaccine,all,limited,2021-10-11_08-00-56
202122,male,unknown,1715,87379,NA,NA,NA,CHFL,COVID19Cases,vaccine,all,limited,2021-10-11_08-00-56
202122,unknown,fully_vaccinated,0,1,431,0,NA,CHFL,COVID19Cases,vaccine,all,limited,2021-10-11_08-00-56
202122,unknown,partially_vaccinated,0,0,383,0,NA,CHFL,COVID19Cases,vaccine,all,limited,2021-10-11_08-00-56
202122,unknown,not_vaccinated,0,0,NA,NA,NA,CHFL,COVID19Cases,vaccine,all,limited,2021-10-11_08-00-56
202122,unknown,unknown,0,56,NA,NA,NA,CHFL,COVID19Cases,vaccine,all,limited,2021-10-11_08-00-56
202123,female,fully_vaccinated,11,300,1342608,0.82,NA,CHFL,COVID19Cases,vaccine,all,limited,2021-10-11_08-00-56
202123,female,partially_vaccinated,7,248,640949,1.09,NA,CHFL,COVID19Cases,vaccine,all,limited,2021-10-11_08-00-56
202123,female,not_vaccinated,11,1531,2373145,0.46,NA,CHFL,COVID19Cases,vaccine,all,limited,2021-10-11_08-00-56
202123,female,unknown,1119,89583,NA,NA,NA,CHFL,COVID19Cases,vaccine,all,limited,2021-10-11_08-00-56
202123,male,fully_vaccinated,19,225,1151935,1.65,NA,CHFL,COVID19Cases,vaccine,all,limited,2021-10-11_08-00-56
202123,male,partially_vaccinated,7,226,683689,1.02,NA,CHFL,COVID19Cases,vaccine,all,limited,2021-10-11_08-00-56
202123,male,not_vaccinated,17,1856,2452454,0.69,NA,CHFL,COVID19Cases,vaccine,all,limited,2021-10-11_08-00-56
202123,male,unknown,1125,88504,NA,NA,NA,CHFL,COVID19Cases,vaccine,all,limited,2021-10-11_08-00-56
202123,unknown,fully_vaccinated,0,1,495,0,NA,CHFL,COVID19Cases,vaccine,all,limited,2021-10-11_08-00-56
202123,unknown,partially_vaccinated,0,0,463,0,NA,CHFL,COVID19Cases,vaccine,all,limited,2021-10-11_08-00-56
202123,unknown,not_vaccinated,0,0,NA,NA,NA,CHFL,COVID19Cases,vaccine,all,limited,2021-10-11_08-00-56
202123,unknown,unknown,0,56,NA,NA,NA,CHFL,COVID19Cases,vaccine,all,limited,2021-10-11_08-00-56
202124,female,fully_vaccinated,6,306,1498681,0.4,NA,CHFL,COVID19Cases,vaccine,all,limited,2021-10-11_08-00-56
202124,female,partially_vaccinated,2,250,631726,0.32,NA,CHFL,COVID19Cases,vaccine,all,limited,2021-10-11_08-00-56
202124,female,not_vaccinated,7,1538,2226295,0.31,NA,CHFL,COVID19Cases,vaccine,all,limited,2021-10-11_08-00-56
202124,female,unknown,591,90174,NA,NA,NA,CHFL,COVID19Cases,vaccine,all,limited,2021-10-11_08-00-56
202124,male,fully_vaccinated,8,233,1310505,0.61,NA,CHFL,COVID19Cases,vaccine,all,limited,2021-10-11_08-00-56
202124,male,partially_vaccinated,4,230,688702,0.58,NA,CHFL,COVID19Cases,vaccine,all,limited,2021-10-11_08-00-56
202124,male,not_vaccinated,11,1867,2288871,0.48,NA,CHFL,COVID19Cases,vaccine,all,limited,2021-10-11_08-00-56
202124,male,unknown,611,89115,NA,NA,NA,CHFL,COVID19Cases,vaccine,all,limited,2021-10-11_08-00-56
202124,unknown,fully_vaccinated,0,1,577,0,NA,CHFL,COVID19Cases,vaccine,all,limited,2021-10-11_08-00-56
202124,unknown,partially_vaccinated,0,0,559,0,NA,CHFL,COVID19Cases,vaccine,all,limited,2021-10-11_08-00-56
202124,unknown,not_vaccinated,0,0,NA,NA,NA,CHFL,COVID19Cases,vaccine,all,limited,2021-10-11_08-00-56
202124,unknown,unknown,0,56,NA,NA,NA,CHFL,COVID19Cases,vaccine,all,limited,2021-10-11_08-00-56
202125,female,fully_vaccinated,5,311,1646769,0.3,NA,CHFL,COVID19Cases,vaccine,all,limited,2021-10-11_08-00-56
202125,female,partially_vaccinated,1,251,593143,0.17,NA,CHFL,COVID19Cases,vaccine,all,limited,2021-10-11_08-00-56
202125,female,not_vaccinated,4,1542,2116790,0.19,NA,CHFL,COVID19Cases,vaccine,all,limited,2021-10-11_08-00-56
202125,female,unknown,329,90503,NA,NA,NA,CHFL,COVID19Cases,vaccine,all,limited,2021-10-11_08-00-56
202125,male,fully_vaccinated,3,236,1470406,0.2,NA,CHFL,COVID19Cases,vaccine,all,limited,2021-10-11_08-00-56
202125,male,partially_vaccinated,3,233,651436,0.46,NA,CHFL,COVID19Cases,vaccine,all,limited,2021-10-11_08-00-56
202125,male,not_vaccinated,9,1876,2166236,0.42,NA,CHFL,COVID19Cases,vaccine,all,limited,2021-10-11_08-00-56
202125,male,unknown,396,89511,NA,NA,NA,CHFL,COVID19Cases,vaccine,all,limited,2021-10-11_08-00-56
202125,unknown,fully_vaccinated,0,1,676,0,NA,CHFL,COVID19Cases,vaccine,all,limited,2021-10-11_08-00-56
202125,unknown,partially_vaccinated,0,0,624,0,NA,CHFL,COVID19Cases,vaccine,all,limited,2021-10-11_08-00-56
202125,unknown,not_vaccinated,0,0,NA,NA,NA,CHFL,COVID19Cases,vaccine,all,limited,2021-10-11_08-00-56
202125,unknown,unknown,0,56,NA,NA,NA,CHFL,COVID19Cases,vaccine,all,limited,2021-10-11_08-00-56
202126,female,fully_vaccinated,7,318,1806496,0.39,NA,CHFL,COVID19Cases,vaccine,all,intermediate,2021-10-11_08-00-56
202126,female,partially_vaccinated,2,253,495470,0.4,NA,CHFL,COVID19Cases,vaccine,all,intermediate,2021-10-11_08-00-56
202126,female,not_vaccinated,7,1549,2054736,0.34,NA,CHFL,COVID19Cases,vaccine,all,intermediate,2021-10-11_08-00-56
202126,female,unknown,432,90935,NA,NA,NA,CHFL,COVID19Cases,vaccine,all,intermediate,2021-10-11_08-00-56
202126,male,fully_vaccinated,3,239,1644774,0.18,NA,CHFL,COVID19Cases,vaccine,all,intermediate,2021-10-11_08-00-56
202126,male,partially_vaccinated,2,235,543293,0.37,NA,CHFL,COVID19Cases,vaccine,all,intermediate,2021-10-11_08-00-56
202126,male,not_vaccinated,6,1882,2100011,0.29,NA,CHFL,COVID19Cases,vaccine,all,intermediate,2021-10-11_08-00-56
202126,male,unknown,578,90089,NA,NA,NA,CHFL,COVID19Cases,vaccine,all,intermediate,2021-10-11_08-00-56
202126,unknown,fully_vaccinated,0,1,782,0,NA,CHFL,COVID19Cases,vaccine,all,intermediate,2021-10-11_08-00-56
202126,unknown,partially_vaccinated,0,0,597,0,NA,CHFL,COVID19Cases,vaccine,all,intermediate,2021-10-11_08-00-56
202126,unknown,not_vaccinated,0,0,NA,NA,NA,CHFL,COVID19Cases,vaccine,all,intermediate,2021-10-11_08-00-56
202126,unknown,unknown,0,56,NA,NA,NA,CHFL,COVID19Cases,vaccine,all,intermediate,2021-10-11_08-00-56
202127,female,fully_vaccinated,15,333,1966567,0.76,NA,CHFL,COVID19Cases,vaccine,all,intermediate,2021-10-11_08-00-56
202127,female,partially_vaccinated,4,257,377669,1.06,NA,CHFL,COVID19Cases,vaccine,all,intermediate,2021-10-11_08-00-56
202127,female,not_vaccinated,11,1560,2012466,0.55,NA,CHFL,COVID19Cases,vaccine,all,intermediate,2021-10-11_08-00-56
202127,female,unknown,887,91822,NA,NA,NA,CHFL,COVID19Cases,vaccine,all,intermediate,2021-10-11_08-00-56
202127,male,fully_vaccinated,17,256,1820653,0.93,NA,CHFL,COVID19Cases,vaccine,all,intermediate,2021-10-11_08-00-56
202127,male,partially_vaccinated,2,237,412187,0.49,NA,CHFL,COVID19Cases,vaccine,all,intermediate,2021-10-11_08-00-56
202127,male,not_vaccinated,14,1896,2055238,0.68,NA,CHFL,COVID19Cases,vaccine,all,intermediate,2021-10-11_08-00-56
202127,male,unknown,1109,91198,NA,NA,NA,CHFL,COVID19Cases,vaccine,all,intermediate,2021-10-11_08-00-56
202127,unknown,fully_vaccinated,0,1,909,0,NA,CHFL,COVID19Cases,vaccine,all,intermediate,2021-10-11_08-00-56
202127,unknown,partially_vaccinated,0,0,520,0,NA,CHFL,COVID19Cases,vaccine,all,intermediate,2021-10-11_08-00-56
202127,unknown,not_vaccinated,0,0,NA,NA,NA,CHFL,COVID19Cases,vaccine,all,intermediate,2021-10-11_08-00-56
202127,unknown,unknown,0,56,NA,NA,NA,CHFL,COVID19Cases,vaccine,all,intermediate,2021-10-11_08-00-56
202128,female,fully_vaccinated,28,361,2106400,1.33,NA,CHFL,COVID19Cases,vaccine,all,intermediate,2021-10-11_08-00-56
202128,female,partially_vaccinated,5,262,274688,1.82,NA,CHFL,COVID19Cases,vaccine,all,intermediate,2021-10-11_08-00-56
202128,female,not_vaccinated,26,1586,1975614,1.32,NA,CHFL,COVID19Cases,vaccine,all,intermediate,2021-10-11_08-00-56
202128,female,unknown,1699,93521,NA,NA,NA,CHFL,COVID19Cases,vaccine,all,intermediate,2021-10-11_08-00-56
202128,male,fully_vaccinated,28,284,1977429,1.42,NA,CHFL,COVID19Cases,vaccine,all,intermediate,2021-10-11_08-00-56
202128,male,partially_vaccinated,6,243,293640,2.04,NA,CHFL,COVID19Cases,vaccine,all,intermediate,2021-10-11_08-00-56
202128,male,not_vaccinated,30,1926,2017009,1.49,NA,CHFL,COVID19Cases,vaccine,all,intermediate,2021-10-11_08-00-56
202128,male,unknown,1987,93185,NA,NA,NA,CHFL,COVID19Cases,vaccine,all,intermediate,2021-10-11_08-00-56
202128,unknown,fully_vaccinated,0,1,1071,0,NA,CHFL,COVID19Cases,vaccine,all,intermediate,2021-10-11_08-00-56
202128,unknown,partially_vaccinated,0,0,394,0,NA,CHFL,COVID19Cases,vaccine,all,intermediate,2021-10-11_08-00-56
202128,unknown,not_vaccinated,0,0,NA,NA,NA,CHFL,COVID19Cases,vaccine,all,intermediate,2021-10-11_08-00-56
202128,unknown,unknown,0,56,NA,NA,NA,CHFL,COVID19Cases,vaccine,all,intermediate,2021-10-11_08-00-56
202129,female,fully_vaccinated,62,423,2213529,2.8,NA,CHFL,COVID19Cases,vaccine,all,intermediate,2021-10-11_08-00-56
202129,female,partially_vaccinated,8,270,202532,3.95,NA,CHFL,COVID19Cases,vaccine,all,intermediate,2021-10-11_08-00-56
202129,female,not_vaccinated,26,1612,1940641,1.34,NA,CHFL,COVID19Cases,vaccine,all,intermediate,2021-10-11_08-00-56
202129,female,unknown,2298,95819,NA,NA,NA,CHFL,COVID19Cases,vaccine,all,intermediate,2021-10-11_08-00-56
202129,male,fully_vaccinated,42,326,2098734,2,NA,CHFL,COVID19Cases,vaccine,all,intermediate,2021-10-11_08-00-56
202129,male,partially_vaccinated,7,250,208478,3.36,NA,CHFL,COVID19Cases,vaccine,all,intermediate,2021-10-11_08-00-56
202129,male,not_vaccinated,35,1961,1980866,1.77,NA,CHFL,COVID19Cases,vaccine,all,intermediate,2021-10-11_08-00-56
202129,male,unknown,2487,95672,NA,NA,NA,CHFL,COVID19Cases,vaccine,all,intermediate,2021-10-11_08-00-56
202129,unknown,fully_vaccinated,0,1,1213,0,NA,CHFL,COVID19Cases,vaccine,all,intermediate,2021-10-11_08-00-56
202129,unknown,partially_vaccinated,0,0,285,0,NA,CHFL,COVID19Cases,vaccine,all,intermediate,2021-10-11_08-00-56
202129,unknown,not_vaccinated,0,0,NA,NA,NA,CHFL,COVID19Cases,vaccine,all,intermediate,2021-10-11_08-00-56
202129,unknown,unknown,0,56,NA,NA,NA,CHFL,COVID19Cases,vaccine,all,intermediate,2021-10-11_08-00-56
202130,female,fully_vaccinated,83,506,2273714,3.65,NA,CHFL,COVID19Cases,vaccine,all,intermediate,2021-10-11_08-00-56
202130,female,partially_vaccinated,13,283,175116,7.42,NA,CHFL,COVID19Cases,vaccine,all,intermediate,2021-10-11_08-00-56
202130,female,not_vaccinated,48,1660,1907872,2.52,NA,CHFL,COVID19Cases,vaccine,all,intermediate,2021-10-11_08-00-56
202130,female,unknown,2371,98190,NA,NA,NA,CHFL,COVID19Cases,vaccine,all,intermediate,2021-10-11_08-00-56
202130,male,fully_vaccinated,65,391,2164132,3,NA,CHFL,COVID19Cases,vaccine,all,intermediate,2021-10-11_08-00-56
202130,male,partially_vaccinated,12,262,177224,6.77,NA,CHFL,COVID19Cases,vaccine,all,intermediate,2021-10-11_08-00-56
202130,male,not_vaccinated,61,2022,1946722,3.13,NA,CHFL,COVID19Cases,vaccine,all,intermediate,2021-10-11_08-00-56
202130,male,unknown,2598,98270,NA,NA,NA,CHFL,COVID19Cases,vaccine,all,intermediate,2021-10-11_08-00-56
202130,unknown,fully_vaccinated,0,1,1294,0,NA,CHFL,COVID19Cases,vaccine,all,intermediate,2021-10-11_08-00-56
202130,unknown,partially_vaccinated,0,0,240,0,NA,CHFL,COVID19Cases,vaccine,all,intermediate,2021-10-11_08-00-56
202130,unknown,not_vaccinated,0,0,NA,NA,NA,CHFL,COVID19Cases,vaccine,all,intermediate,2021-10-11_08-00-56
202130,unknown,unknown,11,67,NA,NA,NA,CHFL,COVID19Cases,vaccine,all,intermediate,2021-10-11_08-00-56
202131,female,fully_vaccinated,115,621,2315820,4.97,NA,CHFL,COVID19Cases,vaccine,all,intermediate,2021-10-11_08-00-56
202131,female,partially_vaccinated,17,300,159597,10.65,NA,CHFL,COVID19Cases,vaccine,all,intermediate,2021-10-11_08-00-56
202131,female,not_vaccinated,96,1756,1881285,5.1,NA,CHFL,COVID19Cases,vaccine,all,intermediate,2021-10-11_08-00-56
202131,female,unknown,3460,101650,NA,NA,NA,CHFL,COVID19Cases,vaccine,all,intermediate,2021-10-11_08-00-56
202131,male,fully_vaccinated,113,504,2208568,5.12,NA,CHFL,COVID19Cases,vaccine,all,intermediate,2021-10-11_08-00-56
202131,male,partially_vaccinated,13,275,160800,8.08,NA,CHFL,COVID19Cases,vaccine,all,intermediate,2021-10-11_08-00-56
202131,male,not_vaccinated,90,2112,1918710,4.69,NA,CHFL,COVID19Cases,vaccine,all,intermediate,2021-10-11_08-00-56
202131,male,unknown,3729,101999,NA,NA,NA,CHFL,COVID19Cases,vaccine,all,intermediate,2021-10-11_08-00-56
202131,unknown,fully_vaccinated,0,1,1340,0,NA,CHFL,COVID19Cases,vaccine,all,intermediate,2021-10-11_08-00-56
202131,unknown,partially_vaccinated,0,0,210,0,NA,CHFL,COVID19Cases,vaccine,all,intermediate,2021-10-11_08-00-56
202131,unknown,not_vaccinated,0,0,NA,NA,NA,CHFL,COVID19Cases,vaccine,all,intermediate,2021-10-11_08-00-56
202131,unknown,unknown,1,68,NA,NA,NA,CHFL,COVID19Cases,vaccine,all,intermediate,2021-10-11_08-00-56
202132,female,fully_vaccinated,197,818,2353767,8.37,NA,CHFL,COVID19Cases,vaccine,all,intermediate,2021-10-11_08-00-56
202132,female,partially_vaccinated,23,323,152982,15.03,NA,CHFL,COVID19Cases,vaccine,all,intermediate,2021-10-11_08-00-56
202132,female,not_vaccinated,178,1934,1849953,9.62,NA,CHFL,COVID19Cases,vaccine,all,intermediate,2021-10-11_08-00-56
202132,female,unknown,6615,108265,NA,NA,NA,CHFL,COVID19Cases,vaccine,all,intermediate,2021-10-11_08-00-56
202132,male,fully_vaccinated,151,655,2247727,6.72,NA,CHFL,COVID19Cases,vaccine,all,intermediate,2021-10-11_08-00-56
202132,male,partially_vaccinated,24,299,153801,15.6,NA,CHFL,COVID19Cases,vaccine,all,intermediate,2021-10-11_08-00-56
202132,male,not_vaccinated,188,2300,1886550,9.97,NA,CHFL,COVID19Cases,vaccine,all,intermediate,2021-10-11_08-00-56
202132,male,unknown,6825,108824,NA,NA,NA,CHFL,COVID19Cases,vaccine,all,intermediate,2021-10-11_08-00-56
202132,unknown,fully_vaccinated,0,1,1372,0,NA,CHFL,COVID19Cases,vaccine,all,intermediate,2021-10-11_08-00-56
202132,unknown,partially_vaccinated,0,0,203,0,NA,CHFL,COVID19Cases,vaccine,all,intermediate,2021-10-11_08-00-56
202132,unknown,not_vaccinated,0,0,NA,NA,NA,CHFL,COVID19Cases,vaccine,all,intermediate,2021-10-11_08-00-56
202132,unknown,unknown,7,75,NA,NA,NA,CHFL,COVID19Cases,vaccine,all,intermediate,2021-10-11_08-00-56
202133,female,fully_vaccinated,239,1057,2391469,9.99,NA,CHFL,COVID19Cases,vaccine,all,intermediate,2021-10-11_08-00-56
202133,female,partially_vaccinated,33,356,151909,21.72,NA,CHFL,COVID19Cases,vaccine,all,intermediate,2021-10-11_08-00-56
202133,female,not_vaccinated,199,2133,1813324,10.97,NA,CHFL,COVID19Cases,vaccine,all,intermediate,2021-10-11_08-00-56
202133,female,unknown,8586,116851,NA,NA,NA,CHFL,COVID19Cases,vaccine,all,intermediate,2021-10-11_08-00-56
202133,male,fully_vaccinated,189,844,2286744,8.27,NA,CHFL,COVID19Cases,vaccine,all,intermediate,2021-10-11_08-00-56
202133,male,partially_vaccinated,45,344,151662,29.67,NA,CHFL,COVID19Cases,vaccine,all,intermediate,2021-10-11_08-00-56
202133,male,not_vaccinated,218,2518,1849672,11.79,NA,CHFL,COVID19Cases,vaccine,all,intermediate,2021-10-11_08-00-56
202133,male,unknown,8501,117325,NA,NA,NA,CHFL,COVID19Cases,vaccine,all,intermediate,2021-10-11_08-00-56
202133,unknown,fully_vaccinated,0,1,1401,0,NA,CHFL,COVID19Cases,vaccine,all,intermediate,2021-10-11_08-00-56
202133,unknown,partially_vaccinated,0,0,208,0,NA,CHFL,COVID19Cases,vaccine,all,intermediate,2021-10-11_08-00-56
202133,unknown,not_vaccinated,0,0,NA,NA,NA,CHFL,COVID19Cases,vaccine,all,intermediate,2021-10-11_08-00-56
202133,unknown,unknown,3,78,NA,NA,NA,CHFL,COVID19Cases,vaccine,all,intermediate,2021-10-11_08-00-56
202134,female,fully_vaccinated,194,1251,2428290,7.99,NA,CHFL,COVID19Cases,vaccine,all,intermediate,2021-10-11_08-00-56
202134,female,partially_vaccinated,27,383,162038,16.66,NA,CHFL,COVID19Cases,vaccine,all,intermediate,2021-10-11_08-00-56
202134,female,not_vaccinated,156,2289,1766374,8.83,NA,CHFL,COVID19Cases,vaccine,all,intermediate,2021-10-11_08-00-56
202134,female,unknown,8564,125415,NA,NA,NA,CHFL,COVID19Cases,vaccine,all,intermediate,2021-10-11_08-00-56
202134,male,fully_vaccinated,170,1014,2324839,7.31,NA,CHFL,COVID19Cases,vaccine,all,intermediate,2021-10-11_08-00-56
202134,male,partially_vaccinated,26,370,159832,16.27,NA,CHFL,COVID19Cases,vaccine,all,intermediate,2021-10-11_08-00-56
202134,male,not_vaccinated,223,2741,1803407,12.37,NA,CHFL,COVID19Cases,vaccine,all,intermediate,2021-10-11_08-00-56
202134,male,unknown,8557,125882,NA,NA,NA,CHFL,COVID19Cases,vaccine,all,intermediate,2021-10-11_08-00-56
202134,unknown,fully_vaccinated,1,2,1435,69.69,NA,CHFL,COVID19Cases,vaccine,all,intermediate,2021-10-11_08-00-56
202134,unknown,partially_vaccinated,0,0,212,0,NA,CHFL,COVID19Cases,vaccine,all,intermediate,2021-10-11_08-00-56
202134,unknown,not_vaccinated,0,0,NA,NA,NA,CHFL,COVID19Cases,vaccine,all,intermediate,2021-10-11_08-00-56
202134,unknown,unknown,2,80,NA,NA,NA,CHFL,COVID19Cases,vaccine,all,intermediate,2021-10-11_08-00-56
202135,female,fully_vaccinated,195,1446,2458649,7.93,NA,CHFL,COVID19Cases,vaccine,all,intermediate,2021-10-11_08-00-56
202135,female,partially_vaccinated,19,402,183284,10.37,NA,CHFL,COVID19Cases,vaccine,all,intermediate,2021-10-11_08-00-56
202135,female,not_vaccinated,144,2433,1714769,8.4,NA,CHFL,COVID19Cases,vaccine,all,intermediate,2021-10-11_08-00-56
202135,female,unknown,9178,134593,NA,NA,NA,CHFL,COVID19Cases,vaccine,all,intermediate,2021-10-11_08-00-56
202135,male,fully_vaccinated,163,1177,2356303,6.92,NA,CHFL,COVID19Cases,vaccine,all,intermediate,2021-10-11_08-00-56
202135,male,partially_vaccinated,29,399,179686,16.14,NA,CHFL,COVID19Cases,vaccine,all,intermediate,2021-10-11_08-00-56
202135,male,not_vaccinated,157,2898,1752089,8.96,NA,CHFL,COVID19Cases,vaccine,all,intermediate,2021-10-11_08-00-56
202135,male,unknown,8933,134815,NA,NA,NA,CHFL,COVID19Cases,vaccine,all,intermediate,2021-10-11_08-00-56
202135,unknown,fully_vaccinated,1,3,1459,68.54,NA,CHFL,COVID19Cases,vaccine,all,intermediate,2021-10-11_08-00-56
202135,unknown,partially_vaccinated,0,0,224,0,NA,CHFL,COVID19Cases,vaccine,all,intermediate,2021-10-11_08-00-56
202135,unknown,not_vaccinated,0,0,NA,NA,NA,CHFL,COVID19Cases,vaccine,all,intermediate,2021-10-11_08-00-56
202135,unknown,unknown,8,88,NA,NA,NA,CHFL,COVID19Cases,vaccine,all,intermediate,2021-10-11_08-00-56
202136,female,fully_vaccinated,188,1634,2494472,7.54,NA,CHFL,COVID19Cases,vaccine,all,intermediate,2021-10-11_08-00-56
202136,female,partially_vaccinated,21,423,212270,9.89,NA,CHFL,COVID19Cases,vaccine,all,intermediate,2021-10-11_08-00-56
202136,female,not_vaccinated,135,2568,1649960,8.18,NA,CHFL,COVID19Cases,vaccine,all,intermediate,2021-10-11_08-00-56
202136,female,unknown,8772,143365,NA,NA,NA,CHFL,COVID19Cases,vaccine,all,intermediate,2021-10-11_08-00-56
202136,male,fully_vaccinated,158,1335,2392907,6.6,NA,CHFL,COVID19Cases,vaccine,all,intermediate,2021-10-11_08-00-56
202136,male,partially_vaccinated,27,426,211581,12.76,NA,CHFL,COVID19Cases,vaccine,all,intermediate,2021-10-11_08-00-56
202136,male,not_vaccinated,123,3021,1683590,7.31,NA,CHFL,COVID19Cases,vaccine,all,intermediate,2021-10-11_08-00-56
202136,male,unknown,8756,143571,NA,NA,NA,CHFL,COVID19Cases,vaccine,all,intermediate,2021-10-11_08-00-56
202136,unknown,fully_vaccinated,0,3,1485,0,NA,CHFL,COVID19Cases,vaccine,all,intermediate,2021-10-11_08-00-56
202136,unknown,partially_vaccinated,0,0,256,0,NA,CHFL,COVID19Cases,vaccine,all,intermediate,2021-10-11_08-00-56
202136,unknown,not_vaccinated,0,0,NA,NA,NA,CHFL,COVID19Cases,vaccine,all,intermediate,2021-10-11_08-00-56
202136,unknown,unknown,7,95,NA,NA,NA,CHFL,COVID19Cases,vaccine,all,intermediate,2021-10-11_08-00-56
202137,female,fully_vaccinated,123,1757,2538493,4.85,NA,CHFL,COVID19Cases,vaccine,all,intermediate,2021-10-11_08-00-56
202137,female,partially_vaccinated,27,450,239904,11.25,NA,CHFL,COVID19Cases,vaccine,all,intermediate,2021-10-11_08-00-56
202137,female,not_vaccinated,84,2652,1578305,5.32,NA,CHFL,COVID19Cases,vaccine,all,intermediate,2021-10-11_08-00-56
202137,female,unknown,6184,149549,NA,NA,NA,CHFL,COVID19Cases,vaccine,all,intermediate,2021-10-11_08-00-56
202137,male,fully_vaccinated,129,1464,2437394,5.29,NA,CHFL,COVID19Cases,vaccine,all,intermediate,2021-10-11_08-00-56
202137,male,partially_vaccinated,22,448,245256,8.97,NA,CHFL,COVID19Cases,vaccine,all,intermediate,2021-10-11_08-00-56
202137,male,not_vaccinated,110,3131,1605428,6.85,NA,CHFL,COVID19Cases,vaccine,all,intermediate,2021-10-11_08-00-56
202137,male,unknown,6062,149633,NA,NA,NA,CHFL,COVID19Cases,vaccine,all,intermediate,2021-10-11_08-00-56
202137,unknown,fully_vaccinated,0,3,1522,0,NA,CHFL,COVID19Cases,vaccine,all,intermediate,2021-10-11_08-00-56
202137,unknown,partially_vaccinated,0,0,307,0,NA,CHFL,COVID19Cases,vaccine,all,intermediate,2021-10-11_08-00-56
202137,unknown,not_vaccinated,0,0,NA,NA,NA,CHFL,COVID19Cases,vaccine,all,intermediate,2021-10-11_08-00-56
202137,unknown,unknown,5,100,NA,NA,NA,CHFL,COVID19Cases,vaccine,all,intermediate,2021-10-11_08-00-56
202138,female,fully_vaccinated,112,1869,2586820,4.33,NA,CHFL,COVID19Cases,vaccine,all,intermediate,2021-10-11_08-00-56
202138,female,partially_vaccinated,14,464,244716,5.72,NA,CHFL,COVID19Cases,vaccine,all,intermediate,2021-10-11_08-00-56
202138,female,not_vaccinated,58,2710,1525166,3.8,NA,CHFL,COVID19Cases,vaccine,all,intermediate,2021-10-11_08-00-56
202138,female,unknown,4501,154050,NA,NA,NA,CHFL,COVID19Cases,vaccine,all,intermediate,2021-10-11_08-00-56
202138,male,fully_vaccinated,95,1559,2485502,3.82,NA,CHFL,COVID19Cases,vaccine,all,intermediate,2021-10-11_08-00-56
202138,male,partially_vaccinated,17,465,254868,6.67,NA,CHFL,COVID19Cases,vaccine,all,intermediate,2021-10-11_08-00-56
202138,male,not_vaccinated,72,3203,1547708,4.65,NA,CHFL,COVID19Cases,vaccine,all,intermediate,2021-10-11_08-00-56
202138,male,unknown,4470,154103,NA,NA,NA,CHFL,COVID19Cases,vaccine,all,intermediate,2021-10-11_08-00-56
202138,unknown,fully_vaccinated,0,3,1563,0,NA,CHFL,COVID19Cases,vaccine,all,intermediate,2021-10-11_08-00-56
202138,unknown,partially_vaccinated,0,0,319,0,NA,CHFL,COVID19Cases,vaccine,all,intermediate,2021-10-11_08-00-56
202138,unknown,not_vaccinated,1,1,NA,NA,NA,CHFL,COVID19Cases,vaccine,all,intermediate,2021-10-11_08-00-56
202138,unknown,unknown,4,104,NA,NA,NA,CHFL,COVID19Cases,vaccine,all,intermediate,2021-10-11_08-00-56
202139,female,fully_vaccinated,97,1966,2636748,3.68,NA,CHFL,COVID19Cases,vaccine,all,intermediate,2021-10-11_08-00-56
202139,female,partially_vaccinated,10,474,229476,4.36,NA,CHFL,COVID19Cases,vaccine,all,intermediate,2021-10-11_08-00-56
202139,female,not_vaccinated,47,2757,1490478,3.15,NA,CHFL,COVID19Cases,vaccine,all,intermediate,2021-10-11_08-00-56
202139,female,unknown,3838,157888,NA,NA,NA,CHFL,COVID19Cases,vaccine,all,intermediate,2021-10-11_08-00-56
202139,male,fully_vaccinated,65,1624,2535139,2.56,NA,CHFL,COVID19Cases,vaccine,all,intermediate,2021-10-11_08-00-56
202139,male,partially_vaccinated,14,479,241493,5.8,NA,CHFL,COVID19Cases,vaccine,all,intermediate,2021-10-11_08-00-56
202139,male,not_vaccinated,35,3238,1511446,2.32,NA,CHFL,COVID19Cases,vaccine,all,intermediate,2021-10-11_08-00-56
202139,male,unknown,3528,157631,NA,NA,NA,CHFL,COVID19Cases,vaccine,all,intermediate,2021-10-11_08-00-56
202139,unknown,fully_vaccinated,0,3,1592,0,NA,CHFL,COVID19Cases,vaccine,all,intermediate,2021-10-11_08-00-56
202139,unknown,partially_vaccinated,0,0,325,0,NA,CHFL,COVID19Cases,vaccine,all,intermediate,2021-10-11_08-00-56
202139,unknown,not_vaccinated,0,1,NA,NA,NA,CHFL,COVID19Cases,vaccine,all,intermediate,2021-10-11_08-00-56
202139,unknown,unknown,1,105,NA,NA,NA,CHFL,COVID19Cases,vaccine,all,intermediate,2021-10-11_08-00-56
202140,female,fully_vaccinated,58,2024,2693598,2.15,NA,CHFL,COVID19Cases,vaccine,all,intermediate,2021-10-11_08-00-56
202140,female,partially_vaccinated,2,476,197839,1.01,NA,CHFL,COVID19Cases,vaccine,all,intermediate,2021-10-11_08-00-56
202140,female,not_vaccinated,13,2770,1465265,0.89,NA,CHFL,COVID19Cases,vaccine,all,intermediate,2021-10-11_08-00-56
202140,female,unknown,3066,160954,NA,NA,NA,CHFL,COVID19Cases,vaccine,all,intermediate,2021-10-11_08-00-56
202140,male,fully_vaccinated,46,1670,2595493,1.77,NA,CHFL,COVID19Cases,vaccine,all,intermediate,2021-10-11_08-00-56
202140,male,partially_vaccinated,5,484,207698,2.41,NA,CHFL,COVID19Cases,vaccine,all,intermediate,2021-10-11_08-00-56
202140,male,not_vaccinated,12,3250,1484887,0.81,NA,CHFL,COVID19Cases,vaccine,all,intermediate,2021-10-11_08-00-56
202140,male,unknown,2934,160565,NA,NA,NA,CHFL,COVID19Cases,vaccine,all,intermediate,2021-10-11_08-00-56
202140,unknown,fully_vaccinated,0,3,1686,0,NA,CHFL,COVID19Cases,vaccine,all,intermediate,2021-10-11_08-00-56
202140,unknown,partially_vaccinated,0,0,262,0,NA,CHFL,COVID19Cases,vaccine,all,intermediate,2021-10-11_08-00-56
202140,unknown,not_vaccinated,0,1,NA,NA,NA,CHFL,COVID19Cases,vaccine,all,intermediate,2021-10-11_08-00-56
202140,unknown,unknown,0,105,NA,NA,NA,CHFL,COVID19Cases,vaccine,all,intermediate,2021-10-11_08-00-56
202104,all,fully_vaccinated,1,1,15347,6.52,NA,CHFL,COVID19Cases,vaccine,all,limited,2021-10-11_08-00-56
202104,all,partially_vaccinated,8,8,277668,2.88,NA,CHFL,COVID19Cases,vaccine,all,limited,2021-10-11_08-00-56
202104,all,not_vaccinated,107,107,8351765,1.28,NA,CHFL,COVID19Cases,vaccine,all,limited,2021-10-11_08-00-56
202104,all,unknown,7082,7082,NA,NA,NA,CHFL,COVID19Cases,vaccine,all,limited,2021-10-11_08-00-56
202105,all,fully_vaccinated,3,4,46827,6.41,NA,CHFL,COVID19Cases,vaccine,all,limited,2021-10-11_08-00-56
202105,all,partially_vaccinated,29,37,314646,9.22,NA,CHFL,COVID19Cases,vaccine,all,limited,2021-10-11_08-00-56
202105,all,not_vaccinated,170,277,8283307,2.05,NA,CHFL,COVID19Cases,vaccine,all,limited,2021-10-11_08-00-56
202105,all,unknown,9884,16966,NA,NA,NA,CHFL,COVID19Cases,vaccine,all,limited,2021-10-11_08-00-56
202106,all,fully_vaccinated,2,6,103136,1.94,NA,CHFL,COVID19Cases,vaccine,all,limited,2021-10-11_08-00-56
202106,all,partially_vaccinated,31,68,335967,9.23,NA,CHFL,COVID19Cases,vaccine,all,limited,2021-10-11_08-00-56
202106,all,not_vaccinated,157,434,8205677,1.91,NA,CHFL,COVID19Cases,vaccine,all,limited,2021-10-11_08-00-56
202106,all,unknown,7687,24653,NA,NA,NA,CHFL,COVID19Cases,vaccine,all,limited,2021-10-11_08-00-56
202107,all,fully_vaccinated,7,13,175395,3.99,NA,CHFL,COVID19Cases,vaccine,all,limited,2021-10-11_08-00-56
202107,all,partially_vaccinated,25,93,322381,7.75,NA,CHFL,COVID19Cases,vaccine,all,limited,2021-10-11_08-00-56
202107,all,not_vaccinated,131,565,8147004,1.61,NA,CHFL,COVID19Cases,vaccine,all,limited,2021-10-11_08-00-56
202107,all,unknown,6821,31474,NA,NA,NA,CHFL,COVID19Cases,vaccine,all,limited,2021-10-11_08-00-56
202108,all,fully_vaccinated,13,26,265326,4.9,NA,CHFL,COVID19Cases,vaccine,all,limited,2021-10-11_08-00-56
202108,all,partially_vaccinated,22,115,281030,7.83,NA,CHFL,COVID19Cases,vaccine,all,limited,2021-10-11_08-00-56
202108,all,not_vaccinated,156,721,8098424,1.93,NA,CHFL,COVID19Cases,vaccine,all,limited,2021-10-11_08-00-56
202108,all,unknown,7051,38525,NA,NA,NA,CHFL,COVID19Cases,vaccine,all,limited,2021-10-11_08-00-56
202109,all,fully_vaccinated,8,34,342041,2.34,NA,CHFL,COVID19Cases,vaccine,all,limited,2021-10-11_08-00-56
202109,all,partially_vaccinated,20,135,279488,7.16,NA,CHFL,COVID19Cases,vaccine,all,limited,2021-10-11_08-00-56
202109,all,not_vaccinated,146,867,8023251,1.82,NA,CHFL,COVID19Cases,vaccine,all,limited,2021-10-11_08-00-56
202109,all,unknown,7419,45944,NA,NA,NA,CHFL,COVID19Cases,vaccine,all,limited,2021-10-11_08-00-56
202110,all,fully_vaccinated,24,58,404265,5.94,NA,CHFL,COVID19Cases,vaccine,all,limited,2021-10-11_08-00-56
202110,all,partially_vaccinated,16,151,307273,5.21,NA,CHFL,COVID19Cases,vaccine,all,limited,2021-10-11_08-00-56
202110,all,not_vaccinated,168,1035,7933242,2.12,NA,CHFL,COVID19Cases,vaccine,all,limited,2021-10-11_08-00-56
202110,all,unknown,8596,54540,NA,NA,NA,CHFL,COVID19Cases,vaccine,all,limited,2021-10-11_08-00-56
202111,all,fully_vaccinated,28,86,478035,5.86,NA,CHFL,COVID19Cases,vaccine,all,limited,2021-10-11_08-00-56
202111,all,partially_vaccinated,21,172,311218,6.75,NA,CHFL,COVID19Cases,vaccine,all,limited,2021-10-11_08-00-56
202111,all,not_vaccinated,203,1238,7855527,2.58,NA,CHFL,COVID19Cases,vaccine,all,limited,2021-10-11_08-00-56
202111,all,unknown,10257,64797,NA,NA,NA,CHFL,COVID19Cases,vaccine,all,limited,2021-10-11_08-00-56
202112,all,fully_vaccinated,27,113,547444,4.93,NA,CHFL,COVID19Cases,vaccine,all,limited,2021-10-11_08-00-56
202112,all,partially_vaccinated,11,183,355470,3.09,NA,CHFL,COVID19Cases,vaccine,all,limited,2021-10-11_08-00-56
202112,all,not_vaccinated,266,1504,7741866,3.44,NA,CHFL,COVID19Cases,vaccine,all,limited,2021-10-11_08-00-56
202112,all,unknown,12263,77060,NA,NA,NA,CHFL,COVID19Cases,vaccine,all,limited,2021-10-11_08-00-56
202113,all,fully_vaccinated,42,155,614037,6.84,NA,CHFL,COVID19Cases,vaccine,all,limited,2021-10-11_08-00-56
202113,all,partially_vaccinated,17,200,398129,4.27,NA,CHFL,COVID19Cases,vaccine,all,limited,2021-10-11_08-00-56
202113,all,not_vaccinated,264,1768,7632614,3.46,NA,CHFL,COVID19Cases,vaccine,all,limited,2021-10-11_08-00-56
202113,all,unknown,11999,89059,NA,NA,NA,CHFL,COVID19Cases,vaccine,all,limited,2021-10-11_08-00-56
202114,all,fully_vaccinated,43,198,701724,6.13,NA,CHFL,COVID19Cases,vaccine,all,limited,2021-10-11_08-00-56
202114,all,partially_vaccinated,29,229,434750,6.67,NA,CHFL,COVID19Cases,vaccine,all,limited,2021-10-11_08-00-56
202114,all,not_vaccinated,254,2022,7508306,3.38,NA,CHFL,COVID19Cases,vaccine,all,limited,2021-10-11_08-00-56
202114,all,unknown,13869,102928,NA,NA,NA,CHFL,COVID19Cases,vaccine,all,limited,2021-10-11_08-00-56
202115,all,fully_vaccinated,45,243,787026,5.72,NA,CHFL,COVID19Cases,vaccine,all,limited,2021-10-11_08-00-56
202115,all,partially_vaccinated,26,255,562345,4.62,NA,CHFL,COVID19Cases,vaccine,all,limited,2021-10-11_08-00-56
202115,all,not_vaccinated,283,2305,7295409,3.88,NA,CHFL,COVID19Cases,vaccine,all,limited,2021-10-11_08-00-56
202115,all,unknown,13796,116724,NA,NA,NA,CHFL,COVID19Cases,vaccine,all,limited,2021-10-11_08-00-56
202116,all,fully_vaccinated,45,288,897642,5.01,NA,CHFL,COVID19Cases,vaccine,all,limited,2021-10-11_08-00-56
202116,all,partially_vaccinated,43,298,713151,6.03,NA,CHFL,COVID19Cases,vaccine,all,limited,2021-10-11_08-00-56
202116,all,not_vaccinated,296,2601,7033987,4.21,NA,CHFL,COVID19Cases,vaccine,all,limited,2021-10-11_08-00-56
202116,all,unknown,14197,130921,NA,NA,NA,CHFL,COVID19Cases,vaccine,all,limited,2021-10-11_08-00-56
202117,all,fully_vaccinated,48,336,1005936,4.77,NA,CHFL,COVID19Cases,vaccine,all,limited,2021-10-11_08-00-56
202117,all,partially_vaccinated,49,347,891917,5.49,NA,CHFL,COVID19Cases,vaccine,all,limited,2021-10-11_08-00-56
202117,all,not_vaccinated,192,2793,6746927,2.85,NA,CHFL,COVID19Cases,vaccine,all,limited,2021-10-11_08-00-56
202117,all,unknown,11636,142557,NA,NA,NA,CHFL,COVID19Cases,vaccine,all,limited,2021-10-11_08-00-56
202118,all,fully_vaccinated,36,372,1142926,3.15,NA,CHFL,COVID19Cases,vaccine,all,limited,2021-10-11_08-00-56
202118,all,partially_vaccinated,39,386,1079861,3.61,NA,CHFL,COVID19Cases,vaccine,all,limited,2021-10-11_08-00-56
202118,all,not_vaccinated,176,2969,6421993,2.74,NA,CHFL,COVID19Cases,vaccine,all,limited,2021-10-11_08-00-56
202118,all,unknown,10078,152635,NA,NA,NA,CHFL,COVID19Cases,vaccine,all,limited,2021-10-11_08-00-56
202119,all,fully_vaccinated,26,398,1334378,1.95,NA,CHFL,COVID19Cases,vaccine,all,limited,2021-10-11_08-00-56
202119,all,partially_vaccinated,26,412,1176007,2.21,NA,CHFL,COVID19Cases,vaccine,all,limited,2021-10-11_08-00-56
202119,all,not_vaccinated,128,3097,6134395,2.09,NA,CHFL,COVID19Cases,vaccine,all,limited,2021-10-11_08-00-56
202119,all,unknown,7673,160308,NA,NA,NA,CHFL,COVID19Cases,vaccine,all,limited,2021-10-11_08-00-56
202120,all,fully_vaccinated,39,437,1599709,2.44,NA,CHFL,COVID19Cases,vaccine,all,limited,2021-10-11_08-00-56
202120,all,partially_vaccinated,23,435,1229614,1.87,NA,CHFL,COVID19Cases,vaccine,all,limited,2021-10-11_08-00-56
202120,all,not_vaccinated,125,3222,5815457,2.15,NA,CHFL,COVID19Cases,vaccine,all,limited,2021-10-11_08-00-56
202120,all,unknown,7168,167476,NA,NA,NA,CHFL,COVID19Cases,vaccine,all,limited,2021-10-11_08-00-56
202121,all,fully_vaccinated,35,472,1874982,1.87,NA,CHFL,COVID19Cases,vaccine,all,limited,2021-10-11_08-00-56
202121,all,partially_vaccinated,15,450,1248746,1.2,NA,CHFL,COVID19Cases,vaccine,all,limited,2021-10-11_08-00-56
202121,all,not_vaccinated,78,3300,5521052,1.41,NA,CHFL,COVID19Cases,vaccine,all,limited,2021-10-11_08-00-56
202121,all,unknown,4991,172467,NA,NA,NA,CHFL,COVID19Cases,vaccine,all,limited,2021-10-11_08-00-56
202122,all,fully_vaccinated,24,496,2188207,1.1,NA,CHFL,COVID19Cases,vaccine,all,limited,2021-10-11_08-00-56
202122,all,partially_vaccinated,10,460,1275115,0.78,NA,CHFL,COVID19Cases,vaccine,all,limited,2021-10-11_08-00-56
202122,all,not_vaccinated,59,3359,5181458,1.14,NA,CHFL,COVID19Cases,vaccine,all,limited,2021-10-11_08-00-56
202122,all,unknown,3432,175899,NA,NA,NA,CHFL,COVID19Cases,vaccine,all,limited,2021-10-11_08-00-56
202123,all,fully_vaccinated,30,526,2495038,1.2,NA,CHFL,COVID19Cases,vaccine,all,limited,2021-10-11_08-00-56
202123,all,partially_vaccinated,14,474,1325101,1.06,NA,CHFL,COVID19Cases,vaccine,all,limited,2021-10-11_08-00-56
202123,all,not_vaccinated,28,3387,4824641,0.58,NA,CHFL,COVID19Cases,vaccine,all,limited,2021-10-11_08-00-56
202123,all,unknown,2244,178143,NA,NA,NA,CHFL,COVID19Cases,vaccine,all,limited,2021-10-11_08-00-56
202124,all,fully_vaccinated,14,540,2809763,0.5,NA,CHFL,COVID19Cases,vaccine,all,limited,2021-10-11_08-00-56
202124,all,partially_vaccinated,6,480,1320987,0.45,NA,CHFL,COVID19Cases,vaccine,all,limited,2021-10-11_08-00-56
202124,all,not_vaccinated,18,3405,4514030,0.4,NA,CHFL,COVID19Cases,vaccine,all,limited,2021-10-11_08-00-56
202124,all,unknown,1202,179345,NA,NA,NA,CHFL,COVID19Cases,vaccine,all,limited,2021-10-11_08-00-56
202125,all,fully_vaccinated,8,548,3117851,0.26,NA,CHFL,COVID19Cases,vaccine,all,limited,2021-10-11_08-00-56
202125,all,partially_vaccinated,4,484,1245203,0.32,NA,CHFL,COVID19Cases,vaccine,all,limited,2021-10-11_08-00-56
202125,all,not_vaccinated,13,3418,4281726,0.3,NA,CHFL,COVID19Cases,vaccine,all,limited,2021-10-11_08-00-56
202125,all,unknown,725,180070,NA,NA,NA,CHFL,COVID19Cases,vaccine,all,limited,2021-10-11_08-00-56
202126,all,fully_vaccinated,10,558,3452052,0.29,NA,CHFL,COVID19Cases,vaccine,all,intermediate,2021-10-11_08-00-56
202126,all,partially_vaccinated,4,488,1039360,0.38,NA,CHFL,COVID19Cases,vaccine,all,intermediate,2021-10-11_08-00-56
202126,all,not_vaccinated,13,3431,4153368,0.31,NA,CHFL,COVID19Cases,vaccine,all,intermediate,2021-10-11_08-00-56
202126,all,unknown,1010,181080,NA,NA,NA,CHFL,COVID19Cases,vaccine,all,intermediate,2021-10-11_08-00-56
202127,all,fully_vaccinated,32,590,3788129,0.84,NA,CHFL,COVID19Cases,vaccine,all,intermediate,2021-10-11_08-00-56
202127,all,partially_vaccinated,6,494,790376,0.76,NA,CHFL,COVID19Cases,vaccine,all,intermediate,2021-10-11_08-00-56
202127,all,not_vaccinated,25,3456,4066275,0.61,NA,CHFL,COVID19Cases,vaccine,all,intermediate,2021-10-11_08-00-56
202127,all,unknown,1996,183076,NA,NA,NA,CHFL,COVID19Cases,vaccine,all,intermediate,2021-10-11_08-00-56
202128,all,fully_vaccinated,56,646,4084900,1.37,NA,CHFL,COVID19Cases,vaccine,all,intermediate,2021-10-11_08-00-56
202128,all,partially_vaccinated,11,505,568722,1.93,NA,CHFL,COVID19Cases,vaccine,all,intermediate,2021-10-11_08-00-56
202128,all,not_vaccinated,56,3512,3991158,1.4,NA,CHFL,COVID19Cases,vaccine,all,intermediate,2021-10-11_08-00-56
202128,all,unknown,3686,186762,NA,NA,NA,CHFL,COVID19Cases,vaccine,all,intermediate,2021-10-11_08-00-56
202129,all,fully_vaccinated,104,750,4313476,2.41,NA,CHFL,COVID19Cases,vaccine,all,intermediate,2021-10-11_08-00-56
202129,all,partially_vaccinated,15,520,411295,3.65,NA,CHFL,COVID19Cases,vaccine,all,intermediate,2021-10-11_08-00-56
202129,all,not_vaccinated,61,3573,3920009,1.56,NA,CHFL,COVID19Cases,vaccine,all,intermediate,2021-10-11_08-00-56
202129,all,unknown,4785,191547,NA,NA,NA,CHFL,COVID19Cases,vaccine,all,intermediate,2021-10-11_08-00-56
202130,all,fully_vaccinated,148,898,4439140,3.33,NA,CHFL,COVID19Cases,vaccine,all,intermediate,2021-10-11_08-00-56
202130,all,partially_vaccinated,25,545,352580,7.09,NA,CHFL,COVID19Cases,vaccine,all,intermediate,2021-10-11_08-00-56
202130,all,not_vaccinated,109,3682,3853060,2.83,NA,CHFL,COVID19Cases,vaccine,all,intermediate,2021-10-11_08-00-56
202130,all,unknown,4980,196527,NA,NA,NA,CHFL,COVID19Cases,vaccine,all,intermediate,2021-10-11_08-00-56
202131,all,fully_vaccinated,228,1126,4525728,5.04,NA,CHFL,COVID19Cases,vaccine,all,intermediate,2021-10-11_08-00-56
202131,all,partially_vaccinated,30,575,320607,9.36,NA,CHFL,COVID19Cases,vaccine,all,intermediate,2021-10-11_08-00-56
202131,all,not_vaccinated,186,3868,3798445,4.9,NA,CHFL,COVID19Cases,vaccine,all,intermediate,2021-10-11_08-00-56
202131,all,unknown,7190,203717,NA,NA,NA,CHFL,COVID19Cases,vaccine,all,intermediate,2021-10-11_08-00-56
202132,all,fully_vaccinated,348,1474,4602866,7.56,NA,CHFL,COVID19Cases,vaccine,all,intermediate,2021-10-11_08-00-56
202132,all,partially_vaccinated,47,622,306986,15.31,NA,CHFL,COVID19Cases,vaccine,all,intermediate,2021-10-11_08-00-56
202132,all,not_vaccinated,366,4234,3734928,9.8,NA,CHFL,COVID19Cases,vaccine,all,intermediate,2021-10-11_08-00-56
202132,all,unknown,13447,217164,NA,NA,NA,CHFL,COVID19Cases,vaccine,all,intermediate,2021-10-11_08-00-56
202133,all,fully_vaccinated,428,1902,4679614,9.15,NA,CHFL,COVID19Cases,vaccine,all,intermediate,2021-10-11_08-00-56
202133,all,partially_vaccinated,78,700,303779,25.68,NA,CHFL,COVID19Cases,vaccine,all,intermediate,2021-10-11_08-00-56
202133,all,not_vaccinated,417,4651,3661387,11.39,NA,CHFL,COVID19Cases,vaccine,all,intermediate,2021-10-11_08-00-56
202133,all,unknown,17090,234254,NA,NA,NA,CHFL,COVID19Cases,vaccine,all,intermediate,2021-10-11_08-00-56
202134,all,fully_vaccinated,365,2267,4754564,7.68,NA,CHFL,COVID19Cases,vaccine,all,intermediate,2021-10-11_08-00-56
202134,all,partially_vaccinated,53,753,322082,16.46,NA,CHFL,COVID19Cases,vaccine,all,intermediate,2021-10-11_08-00-56
202134,all,not_vaccinated,379,5030,3568134,10.62,NA,CHFL,COVID19Cases,vaccine,all,intermediate,2021-10-11_08-00-56
202134,all,unknown,17123,251377,NA,NA,NA,CHFL,COVID19Cases,vaccine,all,intermediate,2021-10-11_08-00-56
202135,all,fully_vaccinated,359,2626,4816411,7.45,NA,CHFL,COVID19Cases,vaccine,all,intermediate,2021-10-11_08-00-56
202135,all,partially_vaccinated,48,801,363194,13.22,NA,CHFL,COVID19Cases,vaccine,all,intermediate,2021-10-11_08-00-56
202135,all,not_vaccinated,301,5331,3465175,8.69,NA,CHFL,COVID19Cases,vaccine,all,intermediate,2021-10-11_08-00-56
202135,all,unknown,18119,269496,NA,NA,NA,CHFL,COVID19Cases,vaccine,all,intermediate,2021-10-11_08-00-56
202136,all,fully_vaccinated,346,2972,4888864,7.08,NA,CHFL,COVID19Cases,vaccine,all,intermediate,2021-10-11_08-00-56
202136,all,partially_vaccinated,48,849,424107,11.32,NA,CHFL,COVID19Cases,vaccine,all,intermediate,2021-10-11_08-00-56
202136,all,not_vaccinated,258,5589,3331809,7.74,NA,CHFL,COVID19Cases,vaccine,all,intermediate,2021-10-11_08-00-56
202136,all,unknown,17535,287031,NA,NA,NA,CHFL,COVID19Cases,vaccine,all,intermediate,2021-10-11_08-00-56
202137,all,fully_vaccinated,252,3224,4977409,5.06,NA,CHFL,COVID19Cases,vaccine,all,intermediate,2021-10-11_08-00-56
202137,all,partially_vaccinated,49,898,485467,10.09,NA,CHFL,COVID19Cases,vaccine,all,intermediate,2021-10-11_08-00-56
202137,all,not_vaccinated,194,5783,3181904,6.1,NA,CHFL,COVID19Cases,vaccine,all,intermediate,2021-10-11_08-00-56
202137,all,unknown,12251,299282,NA,NA,NA,CHFL,COVID19Cases,vaccine,all,intermediate,2021-10-11_08-00-56
202138,all,fully_vaccinated,207,3431,5073885,4.08,NA,CHFL,COVID19Cases,vaccine,all,intermediate,2021-10-11_08-00-56
202138,all,partially_vaccinated,31,929,499903,6.2,NA,CHFL,COVID19Cases,vaccine,all,intermediate,2021-10-11_08-00-56
202138,all,not_vaccinated,131,5914,3070992,4.27,NA,CHFL,COVID19Cases,vaccine,all,intermediate,2021-10-11_08-00-56
202138,all,unknown,8975,308257,NA,NA,NA,CHFL,COVID19Cases,vaccine,all,intermediate,2021-10-11_08-00-56
202139,all,fully_vaccinated,162,3593,5173479,3.13,NA,CHFL,COVID19Cases,vaccine,all,intermediate,2021-10-11_08-00-56
202139,all,partially_vaccinated,24,953,471294,5.09,NA,CHFL,COVID19Cases,vaccine,all,intermediate,2021-10-11_08-00-56
202139,all,not_vaccinated,82,5996,3000007,2.73,NA,CHFL,COVID19Cases,vaccine,all,intermediate,2021-10-11_08-00-56
202139,all,unknown,7367,315624,NA,NA,NA,CHFL,COVID19Cases,vaccine,all,intermediate,2021-10-11_08-00-56
202140,all,fully_vaccinated,104,3697,5290777,1.97,NA,CHFL,COVID19Cases,vaccine,all,intermediate,2021-10-11_08-00-56
202140,all,partially_vaccinated,7,960,405799,1.72,NA,CHFL,COVID19Cases,vaccine,all,intermediate,2021-10-11_08-00-56
202140,all,not_vaccinated,25,6021,2948204,0.85,NA,CHFL,COVID19Cases,vaccine,all,intermediate,2021-10-11_08-00-56
202140,all,unknown,6000,321624,NA,NA,NA,CHFL,COVID19Cases,vaccine,all,intermediate,2021-10-11_08-00-56